,Population,PPP
Population,1.0,0.0002102093865050514
PPP,0.0002102093865050514,1.0
