{"columns":["South Sudan","Mexico","China"],"index":[2015,2014,2013,2012,2011,2010,2009,2008,2021,2020,2019,2018,2017,2016,2007,2006,2005,2004,2003,2002,2001,2000,1999,1998,1997,1996,1995,1994,1993,1992,1991,1990],"data":[[63.3939820113,161.5274540396,75.0785639491],[54.3106082202,167.4535053776,78.2358864022],[53.3996189671,168.3655434175,78.2348376154],[50.1273453013,171.9555129093,77.9171417894],[37.3725103669,179.9640646766,82.6634249565],[28.8562482529,189.1526397952,81.9911119518],[27.0695305919,191.6659306613,81.2645387468],[30.3482097075,189.1531553226,80.4986349698],[0.0,141.1504047825,58.8495952175],[0.0,139.7951593608,60.2048406392],[0.0,139.2670431643,60.7329568357],[0.0,137.3710131199,62.6289868801],[0.0,136.1121604743,63.8878395257],[0.0,135.844380252,64.155619748],[0.0,142.0678210867,57.9321789133],[0.0,142.8206025175,57.1793974825],[0.0,142.9888995512,57.0111004488],[0.0,142.4772939408,57.5227060592],[0.0,142.0914548175,57.9085451825],[0.0,141.776885982,58.223114018],[0.0,139.9318603959,60.0681396041],[0.0,138.3058759314,61.6941240686],[0.0,134.7520362779,65.2479637221],[0.0,127.4396536424,72.5603463576],[0.0,120.250655334,79.749344666],[0.0,112.6773709589,87.3226290411],[0.0,104.1239110189,95.8760889811],[0.0,94.2648898989,105.7351101011],[0.0,99.4091999004,100.5908000996],[0.0,98.518311188,101.481688812],[0.0,95.7255330662,104.2744669338],[0.0,88.5699586634,111.4300413366]]}