,Year,PPP
count,72.0,72.0
mean,2006.1666666666667,4.41786672663211
std,9.0023471117885,2.516201248082862
min,1990.0,1.04993466175278
25%,1998.75,2.7038506111828102
50%,2007.5,3.5427178144454947
75%,2013.25,6.730064
max,2021.0,10.043314
95%,2019.45,9.076816950000001
